Shop Name,Link
কাজী টেকনোলজি,https://www.google.com/maps/place/%E0%A6%95%E0%A6%BE%E0%A6%9C%E0%A7%80+%E0%A6%9F%E0%A7%87%E0%A6%95%E0%A6%A8%E0%A7%8B%E0%A6%B2%E0%A6%9C%E0%A6%BF/data=!4m7!3m6!1s0x3755c0d692206ed5:0xf53955f178dc46ef!8m2!3d23.8066302!4d90.3690243!16s%2Fg%2F11gbzcmw5t!19sChIJ1W4gktbAVTcR70bcePFVOfU?authuser=0&hl=bn&rclk=1
এসএস কম্পিউটার | মিরপুর-10,https://www.google.com/maps/place/%E0%A6%8F%E0%A6%B8%E0%A6%8F%E0%A6%B8+%E0%A6%95%E0%A6%AE%E0%A7%8D%E0%A6%AA%E0%A6%BF%E0%A6%89%E0%A6%9F%E0%A6%BE%E0%A6%B0+%7C+%E0%A6%AE%E0%A6%BF%E0%A6%B0%E0%A6%AA%E0%A7%81%E0%A6%B0-10/data=!4m7!3m6!1s0x3755c1fdeb5c3bbf:0x23a36af34a532d0!8m2!3d23.8065524!4d90.36971!16s%2Fg%2F11lbxwsbr2!19sChIJvztc6_3BVTcR0DKlNK82OgI?authuser=0&hl=bn&rclk=1
ল্যাপটপ ওয়ার্ল্ড বিডি,https://www.google.com/maps/place/%E0%A6%B2%E0%A7%8D%E0%A6%AF%E0%A6%BE%E0%A6%AA%E0%A6%9F%E0%A6%AA+%E0%A6%93%E0%A6%AF%E0%A6%BC%E0%A6%BE%E0%A6%B0%E0%A7%8D%E0%A6%B2%E0%A7%8D%E0%A6%A1+%E0%A6%AC%E0%A6%BF%E0%A6%A1%E0%A6%BF/data=!4m7!3m6!1s0x3755c0d692c00001:0x8c8cbee90af0151c!8m2!3d23.8064168!4d90.3695264!16s%2Fg%2F11h_vvkhdk!19sChIJAQDAktbAVTcRHBXwCum-jIw?authuser=0&hl=bn&rclk=1
ওয়ার্ল্ড কম্পিউটার সিস্টেম,https://www.google.com/maps/place/%E0%A6%93%E0%A6%AF%E0%A6%BC%E0%A6%BE%E0%A6%B0%E0%A7%8D%E0%A6%B2%E0%A7%8D%E0%A6%A1+%E0%A6%95%E0%A6%AE%E0%A7%8D%E0%A6%AA%E0%A6%BF%E0%A6%89%E0%A6%9F%E0%A6%BE%E0%A6%B0+%E0%A6%B8%E0%A6%BF%E0%A6%B8%E0%A7%8D%E0%A6%9F%E0%A7%87%E0%A6%AE/data=!4m7!3m6!1s0x3755c0d986915a5b:0x68c09c2ac0572f78!8m2!3d23.8066302!4d90.3690243!16s%2Fg%2F11c2lgpm14!19sChIJW1qRhtnAVTcReC9XwCqcwGg?authuser=0&hl=bn&rclk=1
ইউ টেক বিডী,https://www.google.com/maps/place/%E0%A6%87%E0%A6%89+%E0%A6%9F%E0%A7%87%E0%A6%95+%E0%A6%AC%E0%A6%BF%E0%A6%A1%E0%A7%80/data=!4m7!3m6!1s0x3755c0b7c93ec59b:0x1f9ebda108706a47!8m2!3d23.8057465!4d90.3685768!16s%2Fg%2F12lr_8z4f!19sChIJm8U-ybfAVTcRR2pwCKG9nh8?authuser=0&hl=bn&rclk=1
ল্যাপটপ স্টেশন,https://www.google.com/maps/place/%E0%A6%B2%E0%A7%8D%E0%A6%AF%E0%A6%BE%E0%A6%AA%E0%A6%9F%E0%A6%AA+%E0%A6%B8%E0%A7%8D%E0%A6%9F%E0%A7%87%E0%A6%B6%E0%A6%A8/data=!4m7!3m6!1s0x3755c121814befad:0x5cd59c0601c8acdb!8m2!3d23.806049!4d90.3681469!16s%2Fg%2F11v05cl6ld!19sChIJre9LgSHBVTcR26zIAQac1Vw?authuser=0&hl=bn&rclk=1
গ্রিন টেকনোলজি,https://www.google.com/maps/place/%E0%A6%97%E0%A7%8D%E0%A6%B0%E0%A6%BF%E0%A6%A8+%E0%A6%9F%E0%A7%87%E0%A6%95%E0%A6%A8%E0%A7%8B%E0%A6%B2%E0%A6%9C%E0%A6%BF/data=!4m7!3m6!1s0x3755c19d7d8acd05:0x2dc0062b6175cefe!8m2!3d23.7991441!4d90.3528902!16s%2Fg%2F11gjx12f8n!19sChIJBc2KfZ3BVTcR_s51YSsGwC0?authuser=0&hl=bn&rclk=1
ইট বিডি শপ,https://www.google.com/maps/place/%E0%A6%87%E0%A6%9F+%E0%A6%AC%E0%A6%BF%E0%A6%A1%E0%A6%BF+%E0%A6%B6%E0%A6%AA/data=!4m7!3m6!1s0x3755c1d4eefc6ac1:0x8bbea2b6bd8edee1!8m2!3d23.8061817!4d90.3681095!16s%2Fg%2F11qrt7877p!19sChIJwWr87tTBVTcR4d6Ovbaivos?authuser=0&hl=bn&rclk=1
ল্যাপটপ সোর্স,https://www.google.com/maps/place/%E0%A6%B2%E0%A7%8D%E0%A6%AF%E0%A6%BE%E0%A6%AA%E0%A6%9F%E0%A6%AA+%E0%A6%B8%E0%A7%8B%E0%A6%B0%E0%A7%8D%E0%A6%B8/data=!4m7!3m6!1s0x3755c17507408cb1:0x7a2c2e1cef798adc!8m2!3d23.8048078!4d90.3693214!16s%2Fg%2F11sh00sz89!19sChIJsYxAB3XBVTcR3Ip57xwuLHo?authuser=0&hl=bn&rclk=1
ল্যাপটপ টেরিটোরি,https://www.google.com/maps/place/%E0%A6%B2%E0%A7%8D%E0%A6%AF%E0%A6%BE%E0%A6%AA%E0%A6%9F%E0%A6%AA+%E0%A6%9F%E0%A7%87%E0%A6%B0%E0%A6%BF%E0%A6%9F%E0%A7%8B%E0%A6%B0%E0%A6%BF/data=!4m7!3m6!1s0x3755c1a619ea7619:0x2c1024a455ea0cc3!8m2!3d23.8064171!4d90.3695265!16s%2Fg%2F11t40hg8pz!19sChIJGXbqGabBVTcRwwzqVaQkECw?authuser=0&hl=bn&rclk=1
ল্যাপটপ মার্ট,https://www.google.com/maps/place/%E0%A6%B2%E0%A7%8D%E0%A6%AF%E0%A6%BE%E0%A6%AA%E0%A6%9F%E0%A6%AA+%E0%A6%AE%E0%A6%BE%E0%A6%B0%E0%A7%8D%E0%A6%9F/data=!4m7!3m6!1s0x3755c13470d52d43:0x3fcc963c658839f1!8m2!3d23.8066576!4d90.3696627!16s%2Fg%2F11rwsb5k24!19sChIJQy3VcDTBVTcR8TmIZTyWzD8?authuser=0&hl=bn&rclk=1
21 টেকনোলজি,https://www.google.com/maps/place/21+%E0%A6%9F%E0%A7%87%E0%A6%95%E0%A6%A8%E0%A7%8B%E0%A6%B2%E0%A6%9C%E0%A6%BF/data=!4m7!3m6!1s0x3755c7bc6bb0c7f5:0x818a61a6f3cf1ddd!8m2!3d23.8062797!4d90.3690347!16s%2Fg%2F11h39ymk0b!19sChIJ9cewa7zHVTcR3R3P86ZhioE?authuser=0&hl=bn&rclk=1
প্ল্যানেট ইট বিডি,https://www.google.com/maps/place/%E0%A6%AA%E0%A7%8D%E0%A6%B2%E0%A7%8D%E0%A6%AF%E0%A6%BE%E0%A6%A8%E0%A7%87%E0%A6%9F+%E0%A6%87%E0%A6%9F+%E0%A6%AC%E0%A6%BF%E0%A6%A1%E0%A6%BF/data=!4m7!3m6!1s0x3755c133bae75af9:0x983c52a985ee35f0!8m2!3d23.8058214!4d90.3681436!16s%2Fg%2F11j4wjlcvt!19sChIJ-VrnujPBVTcR8DXuhalSPJg?authuser=0&hl=bn&rclk=1
গম টেক,https://www.google.com/maps/place/%E0%A6%97%E0%A6%AE+%E0%A6%9F%E0%A7%87%E0%A6%95/data=!4m7!3m6!1s0x3755c77952904999:0x6aa525ae586dcb87!8m2!3d23.8380143!4d90.3755704!16s%2Fg%2F11n6wtp562!19sChIJmUmQUnnHVTcRh8ttWK4lpWo?authuser=0&hl=bn&rclk=1
TECH BYTE,https://www.google.com/maps/place/TECH+BYTE/data=!4m7!3m6!1s0x3755c131ca54b48d:0xd770f4f26749e2e1!8m2!3d23.8066302!4d90.3690243!16s%2Fg%2F11yj95y379!19sChIJjbRUyjHBVTcR4eJJZ_L0cNc?authuser=0&hl=bn&rclk=1
কম্পিউটার পয়েন্ট,https://www.google.com/maps/place/%E0%A6%95%E0%A6%AE%E0%A7%8D%E0%A6%AA%E0%A6%BF%E0%A6%89%E0%A6%9F%E0%A6%BE%E0%A6%B0+%E0%A6%AA%E0%A6%AF%E0%A6%BC%E0%A7%87%E0%A6%A8%E0%A7%8D%E0%A6%9F/data=!4m7!3m6!1s0x3755c0e880f03f13:0x3e7a85782d8be049!8m2!3d23.7981785!4d90.3536896!16s%2Fg%2F11fzb07hbz!19sChIJEz_wgOjAVTcRSeCLLXiFej4?authuser=0&hl=bn&rclk=1
ল্যাপটপ লাউঞ্জ,https://www.google.com/maps/place/%E0%A6%B2%E0%A7%8D%E0%A6%AF%E0%A6%BE%E0%A6%AA%E0%A6%9F%E0%A6%AA+%E0%A6%B2%E0%A6%BE%E0%A6%89%E0%A6%9E%E0%A7%8D%E0%A6%9C/data=!4m7!3m6!1s0x3755c127c805023d:0xa81697ca2189d53f!8m2!3d23.8064347!4d90.3701497!16s%2Fg%2F11vyytrzh_!19sChIJPQIFyCfBVTcRP9WJIcqXFqg?authuser=0&hl=bn&rclk=1
কোয়ালিটি টেক,https://www.google.com/maps/place/%E0%A6%95%E0%A7%8B%E0%A6%AF%E0%A6%BC%E0%A6%BE%E0%A6%B2%E0%A6%BF%E0%A6%9F%E0%A6%BF+%E0%A6%9F%E0%A7%87%E0%A6%95/data=!4m7!3m6!1s0x3755c100156251d3:0xbec6ff355ed458da!8m2!3d23.8064908!4d90.3692565!16s%2Fg%2F11w4kyq24v!19sChIJ01FiFQDBVTcR2ljUXjX_xr4?authuser=0&hl=bn&rclk=1
ইট ভ্যালি,https://www.google.com/maps/place/%E0%A6%87%E0%A6%9F+%E0%A6%AD%E0%A7%8D%E0%A6%AF%E0%A6%BE%E0%A6%B2%E0%A6%BF/data=!4m7!3m6!1s0x3755c7b98a194e9b:0xef17bf5d373504a5!8m2!3d23.7898293!4d90.3757411!16s%2Fg%2F11pv4vvfyw!19sChIJm04ZirnHVTcRpQQ1N12_F-8?authuser=0&hl=bn&rclk=1
আর কম্পিউটার্স,https://www.google.com/maps/place/%E0%A6%86%E0%A6%B0+%E0%A6%95%E0%A6%AE%E0%A7%8D%E0%A6%AA%E0%A6%BF%E0%A6%89%E0%A6%9F%E0%A6%BE%E0%A6%B0%E0%A7%8D%E0%A6%B8/data=!4m7!3m6!1s0x3755c0d692b2204f:0xb1dd0520e761f525!8m2!3d23.8066118!4d90.369202!16s%2Fg%2F11cjj55mwz!19sChIJTyCyktbAVTcRJfVh5yAF3bE?authuser=0&hl=bn&rclk=1
গেমারস সাইড,https://www.google.com/maps/place/%E0%A6%97%E0%A7%87%E0%A6%AE%E0%A6%BE%E0%A6%B0%E0%A6%B8+%E0%A6%B8%E0%A6%BE%E0%A6%87%E0%A6%A1/data=!4m7!3m6!1s0x3755c7c5dbe592b1:0xdcd308aeb4a1ac90!8m2!3d23.8089865!4d90.3666914!16s%2Fg%2F11kk07kp49!19sChIJsZLl28XHVTcRkKyhtK4I09w?authuser=0&hl=bn&rclk=1
TECH BYTE,https://www.google.com/maps/place/TECH+BYTE/data=!4m7!3m6!1s0x3755c131ca54b48d:0xd770f4f26749e2e1!8m2!3d23.8066302!4d90.3690243!16s%2Fg%2F11yj95y379!19sChIJjbRUyjHBVTcR4eJJZ_L0cNc?authuser=0&hl=bn&rclk=1
ল্যাপটপ প্রাইম,https://www.google.com/maps/place/%E0%A6%B2%E0%A7%8D%E0%A6%AF%E0%A6%BE%E0%A6%AA%E0%A6%9F%E0%A6%AA+%E0%A6%AA%E0%A7%8D%E0%A6%B0%E0%A6%BE%E0%A6%87%E0%A6%AE/data=!4m7!3m6!1s0x3755c139379ba6f7:0x7171a521507c30db!8m2!3d23.8065811!4d90.3697779!16s%2Fg%2F11vl9v43g9!19sChIJ96abNznBVTcR2zB8UCGlcXE?authuser=0&hl=bn&rclk=1
ল্যাপটপ সোর্স,https://www.google.com/maps/place/%E0%A6%B2%E0%A7%8D%E0%A6%AF%E0%A6%BE%E0%A6%AA%E0%A6%9F%E0%A6%AA+%E0%A6%B8%E0%A7%8B%E0%A6%B0%E0%A7%8D%E0%A6%B8/data=!4m7!3m6!1s0x3755c17507408cb1:0x7a2c2e1cef798adc!8m2!3d23.8048078!4d90.3693214!16s%2Fg%2F11sh00sz89!19sChIJsYxAB3XBVTcR3Ip57xwuLHo?authuser=0&hl=bn&rclk=1
আইটি শপ,https://www.google.com/maps/place/%E0%A6%86%E0%A6%87%E0%A6%9F%E0%A6%BF+%E0%A6%B6%E0%A6%AA/data=!4m7!3m6!1s0x3755c0d6921a1d25:0x8519dbf6c4128ae5!8m2!3d23.8066302!4d90.3690243!16s%2Fg%2F11gdggx5ds!19sChIJJR0aktbAVTcR5YoSxPbbGYU?authuser=0&hl=bn&rclk=1
ইট ভ্যালি,https://www.google.com/maps/place/%E0%A6%87%E0%A6%9F+%E0%A6%AD%E0%A7%8D%E0%A6%AF%E0%A6%BE%E0%A6%B2%E0%A6%BF/data=!4m7!3m6!1s0x3755c7b98a194e9b:0xef17bf5d373504a5!8m2!3d23.7898293!4d90.3757411!16s%2Fg%2F11pv4vvfyw!19sChIJm04ZirnHVTcRpQQ1N12_F-8?authuser=0&hl=bn&rclk=1
21 টেকনোলজি,https://www.google.com/maps/place/21+%E0%A6%9F%E0%A7%87%E0%A6%95%E0%A6%A8%E0%A7%8B%E0%A6%B2%E0%A6%9C%E0%A6%BF/data=!4m7!3m6!1s0x3755c7bc6bb0c7f5:0x818a61a6f3cf1ddd!8m2!3d23.8062797!4d90.3690347!16s%2Fg%2F11h39ymk0b!19sChIJ9cewa7zHVTcR3R3P86ZhioE?authuser=0&hl=bn&rclk=1
ইট বিডি শপ,https://www.google.com/maps/place/%E0%A6%87%E0%A6%9F+%E0%A6%AC%E0%A6%BF%E0%A6%A1%E0%A6%BF+%E0%A6%B6%E0%A6%AA/data=!4m7!3m6!1s0x3755c1d4eefc6ac1:0x8bbea2b6bd8edee1!8m2!3d23.8061817!4d90.3681095!16s%2Fg%2F11qrt7877p!19sChIJwWr87tTBVTcR4d6Ovbaivos?authuser=0&hl=bn&rclk=1
আর কম্পিউটার্স,https://www.google.com/maps/place/%E0%A6%86%E0%A6%B0+%E0%A6%95%E0%A6%AE%E0%A7%8D%E0%A6%AA%E0%A6%BF%E0%A6%89%E0%A6%9F%E0%A6%BE%E0%A6%B0%E0%A7%8D%E0%A6%B8/data=!4m7!3m6!1s0x3755c0d692b2204f:0xb1dd0520e761f525!8m2!3d23.8066118!4d90.369202!16s%2Fg%2F11cjj55mwz!19sChIJTyCyktbAVTcRJfVh5yAF3bE?authuser=0&hl=bn&rclk=1
Maraya Global (Mirpur Branch),https://www.google.com/maps/place/Maraya+Global+%28Mirpur+Branch%29/data=!4m7!3m6!1s0x3755c1005f76a8a5:0x464d32e20e49166e!8m2!3d23.8061328!4d90.3698309!16s%2Fg%2F11wj6xgh_x!19sChIJpah2XwDBVTcRbhZJDuIyTUY?authuser=0&hl=bn&rclk=1
ইচ্ছেঘর অনলাইন শপ,https://www.google.com/maps/place/%E0%A6%87%E0%A6%9A%E0%A7%8D%E0%A6%9B%E0%A7%87%E0%A6%98%E0%A6%B0+%E0%A6%85%E0%A6%A8%E0%A6%B2%E0%A6%BE%E0%A6%87%E0%A6%A8+%E0%A6%B6%E0%A6%AA/data=!4m7!3m6!1s0x3755c147fe2569fb:0x58592d1bb15902eb!8m2!3d23.8132232!4d90.373627!16s%2Fg%2F11s91mxsf2!19sChIJ-2kl_kfBVTcR6wJZsRstWVg?authuser=0&hl=bn&rclk=1
গ্রিন টেকনোলজি,https://www.google.com/maps/place/%E0%A6%97%E0%A7%8D%E0%A6%B0%E0%A6%BF%E0%A6%A8+%E0%A6%9F%E0%A7%87%E0%A6%95%E0%A6%A8%E0%A7%8B%E0%A6%B2%E0%A6%9C%E0%A6%BF/data=!4m7!3m6!1s0x3755c19d7d8acd05:0x2dc0062b6175cefe!8m2!3d23.7991441!4d90.3528902!16s%2Fg%2F11gjx12f8n!19sChIJBc2KfZ3BVTcR_s51YSsGwC0?authuser=0&hl=bn&rclk=1
ইজি & এফিশিয়েন্ট সলিউশন,https://www.google.com/maps/place/%E0%A6%87%E0%A6%9C%E0%A6%BF+%26+%E0%A6%8F%E0%A6%AB%E0%A6%BF%E0%A6%B6%E0%A6%BF%E0%A6%AF%E0%A6%BC%E0%A7%87%E0%A6%A8%E0%A7%8D%E0%A6%9F+%E0%A6%B8%E0%A6%B2%E0%A6%BF%E0%A6%89%E0%A6%B6%E0%A6%A8/data=!4m7!3m6!1s0x3755c1ef64b7c295:0x76d63d5283bc970f!8m2!3d23.7925541!4d90.3703842!16s%2Fg%2F11lgdnksd0!19sChIJlcK3ZO_BVTcRD5e8g1I91nY?authuser=0&hl=bn&rclk=1
TSP | Total Solution Plus,https://www.google.com/maps/place/TSP+%7C+Total+Solution+Plus/data=!4m7!3m6!1s0x3755c7e8b6a26d7b:0x7575a8f6c46c0ee5!8m2!3d23.7940597!4d90.3872595!16s%2Fg%2F11xl1f7zhr!19sChIJe22itujHVTcR5Q5sxPaodXU?authuser=0&hl=bn&rclk=1
ল্যাপটপ টেরিটোরি,https://www.google.com/maps/place/%E0%A6%B2%E0%A7%8D%E0%A6%AF%E0%A6%BE%E0%A6%AA%E0%A6%9F%E0%A6%AA+%E0%A6%9F%E0%A7%87%E0%A6%B0%E0%A6%BF%E0%A6%9F%E0%A7%8B%E0%A6%B0%E0%A6%BF/data=!4m7!3m6!1s0x3755c1a619ea7619:0x2c1024a455ea0cc3!8m2!3d23.8064171!4d90.3695265!16s%2Fg%2F11t40hg8pz!19sChIJGXbqGabBVTcRwwzqVaQkECw?authuser=0&hl=bn&rclk=1
প্ল্যানেট ইট বিডি,https://www.google.com/maps/place/%E0%A6%AA%E0%A7%8D%E0%A6%B2%E0%A7%8D%E0%A6%AF%E0%A6%BE%E0%A6%A8%E0%A7%87%E0%A6%9F+%E0%A6%87%E0%A6%9F+%E0%A6%AC%E0%A6%BF%E0%A6%A1%E0%A6%BF/data=!4m7!3m6!1s0x3755c133bae75af9:0x983c52a985ee35f0!8m2!3d23.8058214!4d90.3681436!16s%2Fg%2F11j4wjlcvt!19sChIJ-VrnujPBVTcR8DXuhalSPJg?authuser=0&hl=bn&rclk=1
KAASHIF TECHNOLOGY,https://www.google.com/maps/place/KAASHIF+TECHNOLOGY/data=!4m7!3m6!1s0x3755c1006f246b67:0x2ef4dc9b5559b87!8m2!3d23.8068295!4d90.3690975!16s%2Fg%2F11wpnqc_pg!19sChIJZ2skbwDBVTcRh5tVtclN7wI?authuser=0&hl=bn&rclk=1
Laptop Point BD,https://www.google.com/maps/place/Laptop+Point+BD/data=!4m7!3m6!1s0x3755c10003baf87f:0xfad8f74e5d9003e3!8m2!3d23.8064024!4d90.3690277!16s%2Fg%2F11x1tntw9p!19sChIJf_i6AwDBVTcR4wOQXU732Po?authuser=0&hl=bn&rclk=1
Laptop House BD,https://www.google.com/maps/place/Laptop+House+BD/data=!4m7!3m6!1s0x3755c1714b31d757:0xedf34c994414d5b5!8m2!3d23.8062999!4d90.3678818!16s%2Fg%2F11j305bn8z!19sChIJV9cxS3HBVTcRtdUURJlM8-0?authuser=0&hl=bn&rclk=1
Treematrik,https://www.google.com/maps/place/Treematrik/data=!4m7!3m6!1s0x3755c13af199c295:0xcbffaf51c4411c44!8m2!3d23.8247451!4d90.3638889!16s%2Fg%2F11fz9z6hqv!19sChIJlcKZ8TrBVTcRRBxBxFGv_8s?authuser=0&hl=bn&rclk=1
অ্যাপোলো গ্যাজেট,https://www.google.com/maps/place/%E0%A6%85%E0%A7%8D%E0%A6%AF%E0%A6%BE%E0%A6%AA%E0%A7%8B%E0%A6%B2%E0%A7%8B+%E0%A6%97%E0%A7%8D%E0%A6%AF%E0%A6%BE%E0%A6%9C%E0%A7%87%E0%A6%9F/data=!4m7!3m6!1s0x3755c164bcbb6569:0x102eecd8ec7ec22a!8m2!3d23.8057261!4d90.3677736!16s%2Fg%2F11rtvmnqrv!19sChIJaWW7vGTBVTcRKsJ-7NjsLhA?authuser=0&hl=bn&rclk=1
রিজ কম্পিউটার বিডি,https://www.google.com/maps/place/%E0%A6%B0%E0%A6%BF%E0%A6%9C+%E0%A6%95%E0%A6%AE%E0%A7%8D%E0%A6%AA%E0%A6%BF%E0%A6%89%E0%A6%9F%E0%A6%BE%E0%A6%B0+%E0%A6%AC%E0%A6%BF%E0%A6%A1%E0%A6%BF/data=!4m7!3m6!1s0x3755c169bbec65f7:0xc1a541d91d179adc!8m2!3d23.8009955!4d90.3550421!16s%2Fg%2F11j7kyk4_m!19sChIJ92Xsu2nBVTcR3JoXHdlBpcE?authuser=0&hl=bn&rclk=1
Tech Heaven IT,https://www.google.com/maps/place/Tech+Heaven+IT/data=!4m7!3m6!1s0x3755c1b35d3e46e7:0x4cd5d001dba71c07!8m2!3d23.8066302!4d90.3690243!16s%2Fg%2F11yhh9kdds!19sChIJ50Y-XbPBVTcRBxyn2wHQ1Uw?authuser=0&hl=bn&rclk=1
আব্দুল্লাহ কম্পিউটার সায়েন্স,https://www.google.com/maps/place/%E0%A6%86%E0%A6%AC%E0%A7%8D%E0%A6%A6%E0%A7%81%E0%A6%B2%E0%A7%8D%E0%A6%B2%E0%A6%BE%E0%A6%B9+%E0%A6%95%E0%A6%AE%E0%A7%8D%E0%A6%AA%E0%A6%BF%E0%A6%89%E0%A6%9F%E0%A6%BE%E0%A6%B0+%E0%A6%B8%E0%A6%BE%E0%A7%9F%E0%A7%87%E0%A6%A8%E0%A7%8D%E0%A6%B8/data=!4m7!3m6!1s0x3755c0d6ecd5451b:0xb3b7d2d055e4f367!8m2!3d23.8066302!4d90.3690243!16s%2Fg%2F1jkwd1fdv!19sChIJG0XV7NbAVTcRZ_PkVdDSt7M?authuser=0&hl=bn&rclk=1
Laptop Shop,https://www.google.com/maps/place/Laptop+Shop/data=!4m7!3m6!1s0x3755c100790d43bd:0x839d7334833478d6!8m2!3d23.8068404!4d90.368733!16s%2Fg%2F11ww9k2_5n!19sChIJvUMNeQDBVTcR1ng0gzRznYM?authuser=0&hl=bn&rclk=1
ও2 ট্রেড ইন্টারন্যাশনাল,https://www.google.com/maps/place/%E0%A6%932+%E0%A6%9F%E0%A7%8D%E0%A6%B0%E0%A7%87%E0%A6%A1+%E0%A6%87%E0%A6%A8%E0%A7%8D%E0%A6%9F%E0%A6%BE%E0%A6%B0%E0%A6%A8%E0%A7%8D%E0%A6%AF%E0%A6%BE%E0%A6%B6%E0%A6%A8%E0%A6%BE%E0%A6%B2/data=!4m7!3m6!1s0x3755c0d6f3cc1b05:0x9b22bf70261e9cbc!8m2!3d23.8069168!4d90.3688461!16s%2Fg%2F11gfh_bzpr!19sChIJBRvM89bAVTcRvJweJnC_Ips?authuser=0&hl=bn&rclk=1
ফারুক ইট সলিউশন,https://www.google.com/maps/place/%E0%A6%AB%E0%A6%BE%E0%A6%B0%E0%A7%81%E0%A6%95+%E0%A6%87%E0%A6%9F+%E0%A6%B8%E0%A6%B2%E0%A6%BF%E0%A6%89%E0%A6%B6%E0%A6%A8/data=!4m7!3m6!1s0x3755c186c51560b3:0x29e5aa26370f32de!8m2!3d23.8055631!4d90.3689697!16s%2Fg%2F11fjmg2586!19sChIJs2AVxYbBVTcR3jIPNyaq5Sk?authuser=0&hl=bn&rclk=1
৭৪৪/৩ গোল্ডেন পার্ক,https://www.google.com/maps/place/%E0%A7%AD%E0%A7%AA%E0%A7%AA%2F%E0%A7%A9+%E0%A6%97%E0%A7%8B%E0%A6%B2%E0%A7%8D%E0%A6%A1%E0%A7%87%E0%A6%A8+%E0%A6%AA%E0%A6%BE%E0%A6%B0%E0%A7%8D%E0%A6%95/data=!4m7!3m6!1s0x3755c7ff1f34744f:0xbb09ea5f60168d3f!8m2!3d23.7960594!4d90.3794396!16s%2Fg%2F11v67hv058!19sChIJT3Q0H__HVTcRP40WYF_qCbs?authuser=0&hl=bn&rclk=1
Zoom Computer Laptop,https://www.google.com/maps/place/Zoom+Computer+Laptop/data=!4m7!3m6!1s0x3755c10011609ae5:0x10f4bac08d6e748e!8m2!3d23.8062534!4d90.3691562!16s%2Fg%2F11wx0kz5pq!19sChIJ5ZpgEQDBVTcRjnRujcC69BA?authuser=0&hl=bn&rclk=1
কম্পিউটার ক্যাসল,https://www.google.com/maps/place/%E0%A6%95%E0%A6%AE%E0%A7%8D%E0%A6%AA%E0%A6%BF%E0%A6%89%E0%A6%9F%E0%A6%BE%E0%A6%B0+%E0%A6%95%E0%A7%8D%E0%A6%AF%E0%A6%BE%E0%A6%B8%E0%A6%B2/data=!4m7!3m6!1s0x3755c0d692c8058d:0xc6efcda65084cab8!8m2!3d23.8068552!4d90.3690349!16s%2Fg%2F11b7q2pm2s!19sChIJjQXIktbAVTcRuMqEUKbN78Y?authuser=0&hl=bn&rclk=1
এসকে কম্পিউটার,https://www.google.com/maps/place/%E0%A6%8F%E0%A6%B8%E0%A6%95%E0%A7%87+%E0%A6%95%E0%A6%AE%E0%A7%8D%E0%A6%AA%E0%A6%BF%E0%A6%89%E0%A6%9F%E0%A6%BE%E0%A6%B0/data=!4m7!3m6!1s0x3755c12dfc243503:0xb8847ed4f72925a3!8m2!3d23.8131831!4d90.3696263!16s%2Fg%2F11r2hgmy_v!19sChIJAzUk_C3BVTcRoyUp99R-hLg?authuser=0&hl=bn&rclk=1
এ ত জেড টেকনোলজি,https://www.google.com/maps/place/%E0%A6%8F+%E0%A6%A4+%E0%A6%9C%E0%A7%87%E0%A6%A1+%E0%A6%9F%E0%A7%87%E0%A6%95%E0%A6%A8%E0%A7%8B%E0%A6%B2%E0%A6%9C%E0%A6%BF/data=!4m7!3m6!1s0x3755c1b1e9090535:0xdf7e4b9539ee22cd!8m2!3d23.7976968!4d90.3530299!16s%2Fg%2F11h0spfbk6!19sChIJNQUJ6bHBVTcRzSLuOZVLft8?authuser=0&hl=bn&rclk=1
ল্যাপটপ ওয়ার্ল্ড জনে,https://www.google.com/maps/place/%E0%A6%B2%E0%A7%8D%E0%A6%AF%E0%A6%BE%E0%A6%AA%E0%A6%9F%E0%A6%AA+%E0%A6%93%E0%A6%AF%E0%A6%BC%E0%A6%BE%E0%A6%B0%E0%A7%8D%E0%A6%B2%E0%A7%8D%E0%A6%A1+%E0%A6%9C%E0%A6%A8%E0%A7%87/data=!4m7!3m6!1s0x3755c0d692c00001:0xf47ea11312a4972f!8m2!3d23.8066302!4d90.3690243!16s%2Fg%2F11h8w05455!19sChIJAQDAktbAVTcRL5ekEhOhfvQ?authuser=0&hl=bn&rclk=1
City Laptop Zone,https://www.google.com/maps/place/City+Laptop+Zone/data=!4m7!3m6!1s0x3755c19278b5df53:0x643791e12c74aa86!8m2!3d23.8065552!4d90.3695909!16s%2Fg%2F11yjkhrfjk!19sChIJU9-1eJLBVTcRhqp0LOGRN2Q?authuser=0&hl=bn&rclk=1
কম্পিউটার পয়েন্ট,https://www.google.com/maps/place/%E0%A6%95%E0%A6%AE%E0%A7%8D%E0%A6%AA%E0%A6%BF%E0%A6%89%E0%A6%9F%E0%A6%BE%E0%A6%B0+%E0%A6%AA%E0%A6%AF%E0%A6%BC%E0%A7%87%E0%A6%A8%E0%A7%8D%E0%A6%9F/data=!4m7!3m6!1s0x3755c0e880f03f13:0x3e7a85782d8be049!8m2!3d23.7981785!4d90.3536896!16s%2Fg%2F11fzb07hbz!19sChIJEz_wgOjAVTcRSeCLLXiFej4?authuser=0&hl=bn&rclk=1
নেক্সাস কম্পিউটার ~ আইডিবি,https://www.google.com/maps/place/%E0%A6%A8%E0%A7%87%E0%A6%95%E0%A7%8D%E0%A6%B8%E0%A6%BE%E0%A6%B8+%E0%A6%95%E0%A6%AE%E0%A7%8D%E0%A6%AA%E0%A6%BF%E0%A6%89%E0%A6%9F%E0%A6%BE%E0%A6%B0+~+%E0%A6%86%E0%A6%87%E0%A6%A1%E0%A6%BF%E0%A6%AC%E0%A6%BF/data=!4m7!3m6!1s0x3755c74c27bb8ff7:0xa03907452af45284!8m2!3d23.7784348!4d90.3794622!16s%2Fg%2F11f3zt6w9b!19sChIJ94-7J0zHVTcRhFL0KkUHOaA?authuser=0&hl=bn&rclk=1
তাকওয়া ল্যাপটপ জনে,https://www.google.com/maps/place/%E0%A6%A4%E0%A6%BE%E0%A6%95%E0%A6%93%E0%A6%AF%E0%A6%BC%E0%A6%BE+%E0%A6%B2%E0%A7%8D%E0%A6%AF%E0%A6%BE%E0%A6%AA%E0%A6%9F%E0%A6%AA+%E0%A6%9C%E0%A6%A8%E0%A7%87/data=!4m7!3m6!1s0x3755c12f2a3b5a79:0x305e46a50a2a672d!8m2!3d23.8216322!4d90.378171!16s%2Fg%2F11t859gd2l!19sChIJeVo7Ki_BVTcRLWcqCqVGXjA?authuser=0&hl=bn&rclk=1
আর কম্পিউটার প্লাস,https://www.google.com/maps/place/%E0%A6%86%E0%A6%B0+%E0%A6%95%E0%A6%AE%E0%A7%8D%E0%A6%AA%E0%A6%BF%E0%A6%89%E0%A6%9F%E0%A6%BE%E0%A6%B0+%E0%A6%AA%E0%A7%8D%E0%A6%B2%E0%A6%BE%E0%A6%B8/data=!4m7!3m6!1s0x3755c1c4f8ade5ab:0x123aa50fc8147282!8m2!3d23.8159634!4d90.3668719!16s%2Fg%2F11h0qz6ll_!19sChIJq-Wt-MTBVTcRgnIUyA-lOhI?authuser=0&hl=bn&rclk=1
রিলায়েবলবাজার,https://www.google.com/maps/place/%E0%A6%B0%E0%A6%BF%E0%A6%B2%E0%A6%BE%E0%A6%AF%E0%A6%BC%E0%A7%87%E0%A6%AC%E0%A6%B2%E0%A6%AC%E0%A6%BE%E0%A6%9C%E0%A6%BE%E0%A6%B0/data=!4m7!3m6!1s0x3755c0e8902efff7:0xe53fefa0525e1f8c!8m2!3d23.7976947!4d90.3530216!16s%2Fg%2F11c1_t_615!19sChIJ9_8ukOjAVTcRjB9eUqDvP-U?authuser=0&hl=bn&rclk=1
খান কম্পিউটার কেয়ার সেন্টার,https://www.google.com/maps/place/%E0%A6%96%E0%A6%BE%E0%A6%A8+%E0%A6%95%E0%A6%AE%E0%A7%8D%E0%A6%AA%E0%A6%BF%E0%A6%89%E0%A6%9F%E0%A6%BE%E0%A6%B0+%E0%A6%95%E0%A7%87%E0%A6%AF%E0%A6%BC%E0%A6%BE%E0%A6%B0+%E0%A6%B8%E0%A7%87%E0%A6%A8%E0%A7%8D%E0%A6%9F%E0%A6%BE%E0%A6%B0/data=!4m7!3m6!1s0x3755c1b5c8bb53ef:0x118a97c5e56ae625!8m2!3d23.8268036!4d90.3735218!16s%2Fg%2F11kgs2fpg5!19sChIJ71O7yLXBVTcRJeZq5cWXihE?authuser=0&hl=bn&rclk=1
এএন নূর আইটি সোর্স,https://www.google.com/maps/place/%E0%A6%8F%E0%A6%8F%E0%A6%A8+%E0%A6%A8%E0%A7%82%E0%A6%B0+%E0%A6%86%E0%A6%87%E0%A6%9F%E0%A6%BF+%E0%A6%B8%E0%A7%8B%E0%A6%B0%E0%A7%8D%E0%A6%B8/data=!4m7!3m6!1s0x3755c0d68da727e9:0x70249a9770f2a06d!8m2!3d23.8066302!4d90.3690243!16s%2Fg%2F11by_l0n98!19sChIJ6SenjdbAVTcRbaDycJeaJHA?authuser=0&hl=bn&rclk=1
Laptop Bazar By Hasan,https://www.google.com/maps/place/Laptop+Bazar+By+Hasan/data=!4m7!3m6!1s0x3755c1952b09b935:0xf834ce05e038ae09!8m2!3d23.8074784!4d90.3688477!16s%2Fg%2F11xtpjb7_g!19sChIJNbkJK5XBVTcRCa444AXONPg?authuser=0&hl=bn&rclk=1
প্রভেন কম্পিউটার,https://www.google.com/maps/place/%E0%A6%AA%E0%A7%8D%E0%A6%B0%E0%A6%AD%E0%A7%87%E0%A6%A8+%E0%A6%95%E0%A6%AE%E0%A7%8D%E0%A6%AA%E0%A6%BF%E0%A6%89%E0%A6%9F%E0%A6%BE%E0%A6%B0/data=!4m7!3m6!1s0x3755c1006eac34f7:0xb9da58de486aae50!8m2!3d23.8074719!4d90.36885!16s%2Fg%2F11vzb059h7!19sChIJ9zSsbgDBVTcRUK5qSN5Y2rk?authuser=0&hl=bn&rclk=1
ইলেকট্রিক্যাডমিডিয়া,https://www.google.com/maps/place/%E0%A6%87%E0%A6%B2%E0%A7%87%E0%A6%95%E0%A6%9F%E0%A7%8D%E0%A6%B0%E0%A6%BF%E0%A6%95%E0%A7%8D%E0%A6%AF%E0%A6%BE%E0%A6%A1%E0%A6%AE%E0%A6%BF%E0%A6%A1%E0%A6%BF%E0%A6%AF%E0%A6%BC%E0%A6%BE/data=!4m7!3m6!1s0x3755c13cdac76945:0x63ce4ce09a7f940a!8m2!3d23.8156658!4d90.3650878!16s%2Fg%2F11hdvv15_k!19sChIJRWnH2jzBVTcRCpR_muBMzmM?authuser=0&hl=bn&rclk=1
জুম টেকনোলজি বিডি,https://www.google.com/maps/place/%E0%A6%9C%E0%A7%81%E0%A6%AE+%E0%A6%9F%E0%A7%87%E0%A6%95%E0%A6%A8%E0%A7%8B%E0%A6%B2%E0%A6%9C%E0%A6%BF+%E0%A6%AC%E0%A6%BF%E0%A6%A1%E0%A6%BF/data=!4m7!3m6!1s0x3755c1cbf720960b:0xcd4202011e002d1f!8m2!3d23.8172372!4d90.370454!16s%2Fg%2F11synhn0t_!19sChIJC5Yg98vBVTcRHy0AHgECQs0?authuser=0&hl=bn&rclk=1
ইউনিভার্স কম্পিউটার কেয়ার,https://www.google.com/maps/place/%E0%A6%87%E0%A6%89%E0%A6%A8%E0%A6%BF%E0%A6%AD%E0%A6%BE%E0%A6%B0%E0%A7%8D%E0%A6%B8+%E0%A6%95%E0%A6%AE%E0%A7%8D%E0%A6%AA%E0%A6%BF%E0%A6%89%E0%A6%9F%E0%A6%BE%E0%A6%B0+%E0%A6%95%E0%A7%87%E0%A7%9F%E0%A6%BE%E0%A6%B0/data=!4m7!3m6!1s0x3755c0d69219d2d9:0x89b217abbe577ee4!8m2!3d23.8066416!4d90.36921!16s%2Fg%2F11f_zm09lc!19sChIJ2dIZktbAVTcR5H5XvqsXsok?authuser=0&hl=bn&rclk=1
আর-ওয়ান কম্পিউটার(মিরপুর-10),https://www.google.com/maps/place/%E0%A6%86%E0%A6%B0-%E0%A6%93%E0%A6%AF%E0%A6%BC%E0%A6%BE%E0%A6%A8+%E0%A6%95%E0%A6%AE%E0%A7%8D%E0%A6%AA%E0%A6%BF%E0%A6%89%E0%A6%9F%E0%A6%BE%E0%A6%B0%28%E0%A6%AE%E0%A6%BF%E0%A6%B0%E0%A6%AA%E0%A7%81%E0%A6%B0-10%29/data=!4m7!3m6!1s0x3755c1ba3ed2b0b9:0xfea418821274a3d3!8m2!3d23.8067168!4d90.3690143!16s%2Fg%2F11j1sq4x9k!19sChIJubDSPrrBVTcR06N0EoIYpP4?authuser=0&hl=bn&rclk=1
RK Technology,https://www.google.com/maps/place/RK+Technology/data=!4m7!3m6!1s0x3755c1ec65f431e7:0xc39b014d60007e27!8m2!3d23.80633!4d90.3694564!16s%2Fg%2F11yhk4mxzn!19sChIJ5zH0ZezBVTcRJ34AYE0Bm8M?authuser=0&hl=bn&rclk=1
আরএস ট্রেড ইন্ট,https://www.google.com/maps/place/%E0%A6%86%E0%A6%B0%E0%A6%8F%E0%A6%B8+%E0%A6%9F%E0%A7%8D%E0%A6%B0%E0%A7%87%E0%A6%A1+%E0%A6%87%E0%A6%A8%E0%A7%8D%E0%A6%9F/data=!4m7!3m6!1s0x3755c0d692c00001:0xf52c527ac2c93160!8m2!3d23.8066302!4d90.3690243!16s%2Fg%2F11hzjgsfgk!19sChIJAQDAktbAVTcRYDHJwnpSLPU?authuser=0&hl=bn&rclk=1
বিএম কম্পিউটার্স (ঢাকা আউটলেট),https://www.google.com/maps/place/%E0%A6%AC%E0%A6%BF%E0%A6%8F%E0%A6%AE+%E0%A6%95%E0%A6%AE%E0%A7%8D%E0%A6%AA%E0%A6%BF%E0%A6%89%E0%A6%9F%E0%A6%BE%E0%A6%B0%E0%A7%8D%E0%A6%B8+%28%E0%A6%A2%E0%A6%BE%E0%A6%95%E0%A6%BE+%E0%A6%86%E0%A6%89%E0%A6%9F%E0%A6%B2%E0%A7%87%E0%A6%9F%29/data=!4m7!3m6!1s0x3755c16a7e3427a9:0xb479aab80f55f91e!8m2!3d23.8064789!4d90.3695058!16s%2Fg%2F11k3jdchgt!19sChIJqSc0fmrBVTcRHvlVD7iqebQ?authuser=0&hl=bn&rclk=1
লিবারেল আইটি,https://www.google.com/maps/place/%E0%A6%B2%E0%A6%BF%E0%A6%AC%E0%A6%BE%E0%A6%B0%E0%A7%87%E0%A6%B2+%E0%A6%86%E0%A6%87%E0%A6%9F%E0%A6%BF/data=!4m7!3m6!1s0x3755b8c780d68d4f:0xa6e384cd48b360e8!8m2!3d23.807539!4d90.368787!16s%2Fg%2F11fd561g_f!19sChIJT43WgMe4VTcR6GCzSM2E46Y?authuser=0&hl=bn&rclk=1
প্রাইম স্টার টেকনলজি,https://www.google.com/maps/place/%E0%A6%AA%E0%A7%8D%E0%A6%B0%E0%A6%BE%E0%A6%87%E0%A6%AE+%E0%A6%B8%E0%A7%8D%E0%A6%9F%E0%A6%BE%E0%A6%B0+%E0%A6%9F%E0%A7%87%E0%A6%95%E0%A6%A8%E0%A6%B2%E0%A6%9C%E0%A6%BF/data=!4m7!3m6!1s0x3755c0cd72eca4dd:0xd4d758841d9549bf!8m2!3d23.7971681!4d90.3730463!16s%2Fg%2F11c31tk5r7!19sChIJ3aTscs3AVTcRv0mVHYRY19Q?authuser=0&hl=bn&rclk=1
সর্দার টেক | ইউজড ল্যাপটপ শপ ইন ঢাকা,https://www.google.com/maps/place/%E0%A6%B8%E0%A6%B0%E0%A7%8D%E0%A6%A6%E0%A6%BE%E0%A6%B0+%E0%A6%9F%E0%A7%87%E0%A6%95+%7C+%E0%A6%87%E0%A6%89%E0%A6%9C%E0%A6%A1+%E0%A6%B2%E0%A7%8D%E0%A6%AF%E0%A6%BE%E0%A6%AA%E0%A6%9F%E0%A6%AA+%E0%A6%B6%E0%A6%AA+%E0%A6%87%E0%A6%A8+%E0%A6%A2%E0%A6%BE%E0%A6%95%E0%A6%BE/data=!4m7!3m6!1s0x3755b97d259cbef1:0x5e21e26891a90711!8m2!3d23.7371681!4d90.3860289!16s%2Fg%2F11twr5z651!19sChIJ8b6cJX25VTcREQepkWjiIV4?authuser=0&hl=bn&rclk=1
সিআরএইচ কম্পিউটার রিপেয়ার হোম সার্ভিস ঢাকা,https://www.google.com/maps/place/%E0%A6%B8%E0%A6%BF%E0%A6%86%E0%A6%B0%E0%A6%8F%E0%A6%87%E0%A6%9A+%E0%A6%95%E0%A6%AE%E0%A7%8D%E0%A6%AA%E0%A6%BF%E0%A6%89%E0%A6%9F%E0%A6%BE%E0%A6%B0+%E0%A6%B0%E0%A6%BF%E0%A6%AA%E0%A7%87%E0%A6%AF%E0%A6%BC%E0%A6%BE%E0%A6%B0+%E0%A6%B9%E0%A7%8B%E0%A6%AE+%E0%A6%B8%E0%A6%BE%E0%A6%B0%E0%A7%8D%E0%A6%AD%E0%A6%BF%E0%A6%B8+%E0%A6%A2%E0%A6%BE%E0%A6%95%E0%A6%BE/data=!4m7!3m6!1s0x3755c1ea47e9b0d5:0xd8a29268c06ba1d8!8m2!3d23.8128958!4d90.3620882!16s%2Fg%2F11j09zkc11!19sChIJ1bDpR-rBVTcR2KFrwGiSotg?authuser=0&hl=bn&rclk=1
এইচ আর কম্পিউটার,https://www.google.com/maps/place/%E0%A6%8F%E0%A6%87%E0%A6%9A+%E0%A6%86%E0%A6%B0+%E0%A6%95%E0%A6%AE%E0%A7%8D%E0%A6%AA%E0%A6%BF%E0%A6%89%E0%A6%9F%E0%A6%BE%E0%A6%B0/data=!4m7!3m6!1s0x3755c0d692183407:0xef654c5be565ccdc!8m2!3d23.8066401!4d90.3692117!16s%2Fg%2F11f2sgt7y5!19sChIJBzQYktbAVTcR3Mxl5VtMZe8?authuser=0&hl=bn&rclk=1
মাস্টার টেক বিডি,https://www.google.com/maps/place/%E0%A6%AE%E0%A6%BE%E0%A6%B8%E0%A7%8D%E0%A6%9F%E0%A6%BE%E0%A6%B0+%E0%A6%9F%E0%A7%87%E0%A6%95+%E0%A6%AC%E0%A6%BF%E0%A6%A1%E0%A6%BF/data=!4m7!3m6!1s0x3755c12da1693fbb:0x9cdbb1f85400ccab!8m2!3d23.8069245!4d90.3686978!16s%2Fg%2F11trt33w23!19sChIJuz9poS3BVTcRq8wAVPix25w?authuser=0&hl=bn&rclk=1
উইণ্টপ,https://www.google.com/maps/place/%E0%A6%89%E0%A6%87%E0%A6%A3%E0%A7%8D%E0%A6%9F%E0%A6%AA/data=!4m7!3m6!1s0x3755c15b5db78e1b:0x1e60e78b0b22e13!8m2!3d23.8062963!4d90.3696419!16s%2Fg%2F11swl_8bjj!19sChIJG463XVvBVTcREy6ysHgO5gE?authuser=0&hl=bn&rclk=1
আপেল পার্ক,https://www.google.com/maps/place/%E0%A6%86%E0%A6%AA%E0%A7%87%E0%A6%B2+%E0%A6%AA%E0%A6%BE%E0%A6%B0%E0%A7%8D%E0%A6%95/data=!4m7!3m6!1s0x3755c1752868b285:0x5bd7544fd5d43b8f!8m2!3d23.8076484!4d90.3687407!16s%2Fg%2F11vt9ptdm6!19sChIJhbJoKHXBVTcRjzvU1U9U11s?authuser=0&hl=bn&rclk=1
Cloud Technologies,https://www.google.com/maps/place/Cloud+Technologies/data=!4m7!3m6!1s0x3755c1417ab2b865:0x42a0753bb56de9f6!8m2!3d23.8069107!4d90.3688208!16s%2Fg%2F11g6y_4xbm!19sChIJZbiyekHBVTcR9ulttTt1oEI?authuser=0&hl=bn&rclk=1
ড্রিম কম্পিউটার,https://www.google.com/maps/place/%E0%A6%A1%E0%A7%8D%E0%A6%B0%E0%A6%BF%E0%A6%AE+%E0%A6%95%E0%A6%AE%E0%A7%8D%E0%A6%AA%E0%A6%BF%E0%A6%89%E0%A6%9F%E0%A6%BE%E0%A6%B0/data=!4m7!3m6!1s0x3755c0d692182449:0x91e88a85bcd9611f!8m2!3d23.8068125!4d90.3694489!16s%2Fg%2F11f_zlw7gb!19sChIJSSQYktbAVTcRH2HZvIWK6JE?authuser=0&hl=bn&rclk=1
এক্সেলেন্ট টেকনোলজি বিডি,https://www.google.com/maps/place/%E0%A6%8F%E0%A6%95%E0%A7%8D%E0%A6%B8%E0%A7%87%E0%A6%B2%E0%A7%87%E0%A6%A8%E0%A7%8D%E0%A6%9F+%E0%A6%9F%E0%A7%87%E0%A6%95%E0%A6%A8%E0%A7%8B%E0%A6%B2%E0%A6%9C%E0%A6%BF+%E0%A6%AC%E0%A6%BF%E0%A6%A1%E0%A6%BF/data=!4m7!3m6!1s0x3755c1737c452049:0xfeed812f1b593cb1!8m2!3d23.8066302!4d90.3690243!16s%2Fg%2F11t88fwkyx!19sChIJSSBFfHPBVTcRsTxZGy-B7f4?authuser=0&hl=bn&rclk=1
ডিজিটাল কম্পিউটারস,https://www.google.com/maps/place/%E0%A6%A1%E0%A6%BF%E0%A6%9C%E0%A6%BF%E0%A6%9F%E0%A6%BE%E0%A6%B2+%E0%A6%95%E0%A6%AE%E0%A7%8D%E0%A6%AA%E0%A6%BF%E0%A6%89%E0%A6%9F%E0%A6%BE%E0%A6%B0%E0%A6%B8/data=!4m7!3m6!1s0x3755c0d692c00001:0xbcf721b48da7afcd!8m2!3d23.8068125!4d90.3694489!16s%2Fg%2F11c6rt62kk!19sChIJAQDAktbAVTcRza-njbQh97w?authuser=0&hl=bn&rclk=1
One Touch Plus,https://www.google.com/maps/place/One+Touch+Plus/data=!4m7!3m6!1s0x3755c0d64fbdf591:0x970da4715de885f2!8m2!3d23.808293!4d90.3684327!16s%2Fg%2F11f39dbsgb!19sChIJkfW9T9bAVTcR8oXoXXGkDZc?authuser=0&hl=bn&rclk=1
RAYNS Office,https://www.google.com/maps/place/RAYNS+Office/data=!4m7!3m6!1s0x3755c74a79ed99e1:0x50fc3275b5f36bea!8m2!3d23.7948345!4d90.3740709!16s%2Fg%2F11hb28tdmg!19sChIJ4ZnteUrHVTcR6mvztXUy_FA?authuser=0&hl=bn&rclk=1
ডিএস টেকনোলজি,https://www.google.com/maps/place/%E0%A6%A1%E0%A6%BF%E0%A6%8F%E0%A6%B8+%E0%A6%9F%E0%A7%87%E0%A6%95%E0%A6%A8%E0%A7%8B%E0%A6%B2%E0%A6%9C%E0%A6%BF/data=!4m7!3m6!1s0x3755c1c4b29ec2ef:0x8d4b9124b60cdecc!8m2!3d23.8066302!4d90.3690243!16s%2Fg%2F11kpsl7mxh!19sChIJ78KessTBVTcRzN4MtiSRS40?authuser=0&hl=bn&rclk=1
অনন্য কম্পিউটার,https://www.google.com/maps/place/%E0%A6%85%E0%A6%A8%E0%A6%A8%E0%A7%8D%E0%A6%AF+%E0%A6%95%E0%A6%AE%E0%A7%8D%E0%A6%AA%E0%A6%BF%E0%A6%89%E0%A6%9F%E0%A6%BE%E0%A6%B0/data=!4m7!3m6!1s0x3755c1004fb6a815:0x53171bc5ad62b126!8m2!3d23.8225666!4d90.3645793!16s%2Fg%2F11ldkyh4mn!19sChIJFai2TwDBVTcRJrFircUbF1M?authuser=0&hl=bn&rclk=1
1833 টেক বিডি,https://www.google.com/maps/place/1833+%E0%A6%9F%E0%A7%87%E0%A6%95+%E0%A6%AC%E0%A6%BF%E0%A6%A1%E0%A6%BF/data=!4m7!3m6!1s0x3755c1075fa7c959:0xc1c9aa2807219049!8m2!3d23.8066302!4d90.3690243!16s%2Fg%2F11v05spx7v!19sChIJWcmnXwfBVTcRSZAhByiqycE?authuser=0&hl=bn&rclk=1
স্মার্ট কম্পিউটার এন্ড সাইবার ক্যাফে,https://www.google.com/maps/place/%E0%A6%B8%E0%A7%8D%E0%A6%AE%E0%A6%BE%E0%A6%B0%E0%A7%8D%E0%A6%9F+%E0%A6%95%E0%A6%AE%E0%A7%8D%E0%A6%AA%E0%A6%BF%E0%A6%89%E0%A6%9F%E0%A6%BE%E0%A6%B0+%E0%A6%8F%E0%A6%A8%E0%A7%8D%E0%A6%A1+%E0%A6%B8%E0%A6%BE%E0%A6%87%E0%A6%AC%E0%A6%BE%E0%A6%B0+%E0%A6%95%E0%A7%8D%E0%A6%AF%E0%A6%BE%E0%A6%AB%E0%A7%87/data=!4m7!3m6!1s0x3755c0e7d30cff57:0xbf76ca475924bfee!8m2!3d23.799199!4d90.3538685!16s%2Fg%2F11gb3z8ydg!19sChIJV_8M0-fAVTcR7r8kWUfKdr8?authuser=0&hl=bn&rclk=1
রিমেক্স টেক বিডি,https://www.google.com/maps/place/%E0%A6%B0%E0%A6%BF%E0%A6%AE%E0%A7%87%E0%A6%95%E0%A7%8D%E0%A6%B8+%E0%A6%9F%E0%A7%87%E0%A6%95+%E0%A6%AC%E0%A6%BF%E0%A6%A1%E0%A6%BF/data=!4m7!3m6!1s0x3755c16456608c61:0xd039665927921c34!8m2!3d23.8055908!4d90.3680629!16s%2Fg%2F11qykwqwg3!19sChIJYYxgVmTBVTcRNBySJ1lmOdA?authuser=0&hl=bn&rclk=1
ইউনিভার্স ইট,https://www.google.com/maps/place/%E0%A6%87%E0%A6%89%E0%A6%A8%E0%A6%BF%E0%A6%AD%E0%A6%BE%E0%A6%B0%E0%A7%8D%E0%A6%B8+%E0%A6%87%E0%A6%9F/data=!4m7!3m6!1s0x3755c7b16bc7bca9:0xfa9bcc1d3c11dd95!8m2!3d23.8197687!4d90.3778961!16s%2Fg%2F11pvwzn9fl!19sChIJqbzHa7HHVTcRld0RPB3Mm_o?authuser=0&hl=bn&rclk=1
পিসি টেক,https://www.google.com/maps/place/%E0%A6%AA%E0%A6%BF%E0%A6%B8%E0%A6%BF+%E0%A6%9F%E0%A7%87%E0%A6%95/data=!4m7!3m6!1s0x3755c194f3a2b581:0xa9e11761b370ec97!8m2!3d23.8056856!4d90.3671105!16s%2Fg%2F11m9_d0qmx!19sChIJgbWi85TBVTcRl-xws2EX4ak?authuser=0&hl=bn&rclk=1
নিক্সসলেটেক,https://www.google.com/maps/place/%E0%A6%A8%E0%A6%BF%E0%A6%95%E0%A7%8D%E0%A6%B8%E0%A6%B8%E0%A6%B2%E0%A7%87%E0%A6%9F%E0%A7%87%E0%A6%95/data=!4m7!3m6!1s0x3755c16b75b8c7eb:0xf81d242ef2e33ad8!8m2!3d23.7980691!4d90.3528093!16s%2Fg%2F11rc4g6r08!19sChIJ68e4dWvBVTcR2Drj8i4kHfg?authuser=0&hl=bn&rclk=1
Mirpur Computer মিরপুর কম্পিউটার,https://www.google.com/maps/place/Mirpur+Computer+%E0%A6%AE%E0%A6%BF%E0%A6%B0%E0%A6%AA%E0%A7%81%E0%A6%B0+%E0%A6%95%E0%A6%AE%E0%A7%8D%E0%A6%AA%E0%A6%BF%E0%A6%89%E0%A6%9F%E0%A6%BE%E0%A6%B0/data=!4m7!3m6!1s0x3755c1cf291d8077:0x9ff059ddcddcde9!8m2!3d23.8058787!4d90.3671537!16s%2Fg%2F11h67xxw2s!19sChIJd4AdKc_BVTcR6c3d3J0F_wk?authuser=0&hl=bn&rclk=1
বেষ্ট ল্যাপটপ,https://www.google.com/maps/place/%E0%A6%AC%E0%A7%87%E0%A6%B7%E0%A7%8D%E0%A6%9F+%E0%A6%B2%E0%A7%8D%E0%A6%AF%E0%A6%BE%E0%A6%AA%E0%A6%9F%E0%A6%AA/data=!4m7!3m6!1s0x3755c1c90c293f25:0xc50e681a4927bc2d!8m2!3d23.8067196!4d90.3683652!16s%2Fg%2F11j8kjbt9f!19sChIJJT8pDMnBVTcRLbwnSRpoDsU?authuser=0&hl=bn&rclk=1
আফোর্ড সলিউশনস,https://www.google.com/maps/place/%E0%A6%86%E0%A6%AB%E0%A7%8B%E0%A6%B0%E0%A7%8D%E0%A6%A1+%E0%A6%B8%E0%A6%B2%E0%A6%BF%E0%A6%89%E0%A6%B6%E0%A6%A8%E0%A6%B8/data=!4m7!3m6!1s0x3755c1a5fedea463:0xab0b0bc27be5f5ac!8m2!3d23.8193235!4d90.3656028!16s%2Fg%2F11nrwtr2_m!19sChIJY6Te_qXBVTcRrPXle8ILC6s?authuser=0&hl=bn&rclk=1
আফোর্ড সলিউশনস,https://www.google.com/maps/place/%E0%A6%86%E0%A6%AB%E0%A7%8B%E0%A6%B0%E0%A7%8D%E0%A6%A1+%E0%A6%B8%E0%A6%B2%E0%A6%BF%E0%A6%89%E0%A6%B6%E0%A6%A8%E0%A6%B8/data=!4m7!3m6!1s0x3755c1a5fedea463:0xab0b0bc27be5f5ac!8m2!3d23.8193235!4d90.3656028!16s%2Fg%2F11nrwtr2_m!19sChIJY6Te_qXBVTcRrPXle8ILC6s?authuser=0&hl=bn&rclk=1
আফোর্ড সলিউশনস,https://www.google.com/maps/place/%E0%A6%86%E0%A6%AB%E0%A7%8B%E0%A6%B0%E0%A7%8D%E0%A6%A1+%E0%A6%B8%E0%A6%B2%E0%A6%BF%E0%A6%89%E0%A6%B6%E0%A6%A8%E0%A6%B8/data=!4m7!3m6!1s0x3755c1a5fedea463:0xab0b0bc27be5f5ac!8m2!3d23.8193235!4d90.3656028!16s%2Fg%2F11nrwtr2_m!19sChIJY6Te_qXBVTcRrPXle8ILC6s?authuser=0&hl=bn&rclk=1
আফোর্ড সলিউশনস,https://www.google.com/maps/place/%E0%A6%86%E0%A6%AB%E0%A7%8B%E0%A6%B0%E0%A7%8D%E0%A6%A1+%E0%A6%B8%E0%A6%B2%E0%A6%BF%E0%A6%89%E0%A6%B6%E0%A6%A8%E0%A6%B8/data=!4m7!3m6!1s0x3755c1a5fedea463:0xab0b0bc27be5f5ac!8m2!3d23.8193235!4d90.3656028!16s%2Fg%2F11nrwtr2_m!19sChIJY6Te_qXBVTcRrPXle8ILC6s?authuser=0&hl=bn&rclk=1
আফোর্ড সলিউশনস,https://www.google.com/maps/place/%E0%A6%86%E0%A6%AB%E0%A7%8B%E0%A6%B0%E0%A7%8D%E0%A6%A1+%E0%A6%B8%E0%A6%B2%E0%A6%BF%E0%A6%89%E0%A6%B6%E0%A6%A8%E0%A6%B8/data=!4m7!3m6!1s0x3755c1a5fedea463:0xab0b0bc27be5f5ac!8m2!3d23.8193235!4d90.3656028!16s%2Fg%2F11nrwtr2_m!19sChIJY6Te_qXBVTcRrPXle8ILC6s?authuser=0&hl=bn&rclk=1
আফোর্ড সলিউশনস,https://www.google.com/maps/place/%E0%A6%86%E0%A6%AB%E0%A7%8B%E0%A6%B0%E0%A7%8D%E0%A6%A1+%E0%A6%B8%E0%A6%B2%E0%A6%BF%E0%A6%89%E0%A6%B6%E0%A6%A8%E0%A6%B8/data=!4m7!3m6!1s0x3755c1a5fedea463:0xab0b0bc27be5f5ac!8m2!3d23.8193235!4d90.3656028!16s%2Fg%2F11nrwtr2_m!19sChIJY6Te_qXBVTcRrPXle8ILC6s?authuser=0&hl=bn&rclk=1
